"DESCRIPTION","DURATION IN MS","NAME","PARENT SUITE","START TIME","STATUS","STOP TIME","SUB SUITE","SUITE","TEST CLASS","TEST METHOD"
"","3","A.U_3. Add External User","Add User","Sun May 25 21:51:01 UTC 2025","skipped","Sun May 25 21:51:01 UTC 2025","","1.1 Org Admin","",""
"","67168","3.4 --- Duplicating item with Currency Form attached","Add Item","Sun May 25 21:35:31 UTC 2025","passed","Sun May 25 21:36:38 UTC 2025","","3 Add Item with Custom Form","",""
"","12253","3.2 verify Office Case Number Format with custom validation message","Add Case","Sun May 25 21:18:16 UTC 2025","passed","Sun May 25 21:18:28 UTC 2025","","3. --- with Case Number formatting in Office ","",""
"","86102","3.2. --- with required Custom Form but not filled out, all optional fields on Form","Add Person","Sun May 25 21:45:26 UTC 2025","failed","Sun May 25 21:46:52 UTC 2025","","3. Add Person with Custom Form","",""
"","2","2. Item with all fields - Disposed Status","","Sun May 25 21:15:23 UTC 2025","broken","Sun May 25 21:15:23 UTC 2025","","Import Items","",""
"","1","1.4. Create and run DR for multiple parent and child locations - starting with Child loc -  No Discrepancies Found","Inventory Reports","Sun May 25 21:14:46 UTC 2025","skipped","Sun May 25 21:14:46 UTC 2025","","1. Parent/child locations with items but without containers","",""
"","103652","1 Edit newly added user, change all values, verify on the grid, and check all/active/inactive filters","","Sun May 25 21:30:52 UTC 2025","failed","Sun May 25 21:32:36 UTC 2025","","Edit User","",""
"","600","9 Validation messages for blank values","","Sun May 25 21:16:12 UTC 2025","failed","Sun May 25 21:16:12 UTC 2025","","Import Notes","",""
"","601","1. Report from Case View page - Items tab","Reports","Sun May 25 21:16:01 UTC 2025","failed","Sun May 25 21:16:02 UTC 2025","","Verify generating and opening Report ""Primary Label 4X3""","",""
"","2587","U.A_1. Send verification email","","Sun May 25 21:15:41 UTC 2025","failed","Sun May 25 21:15:43 UTC 2025","","User Actions","",""
"","21655","5. Case Number Formatting at Office level -- old case that was saved without formatting can be edited without changing Case Number or changing it with proper format","","Sun May 25 21:20:58 UTC 2025","passed","Sun May 25 21:21:20 UTC 2025","","Edit Case","",""
"","0","5 Validation messages for invalid values","","Sun May 25 21:15:31 UTC 2025","skipped","Sun May 25 21:15:31 UTC 2025","","Import Legacy Chain of Custody","",""
"","132","1.2 Validation messages","","Sun May 25 21:15:51 UTC 2025","failed","Sun May 25 21:15:51 UTC 2025","","Login page","",""
"","21083","5. Add an Item with disabled non required / required fields & check if those are shown up on Item Edit page after enabling","","Sun May 25 21:27:33 UTC 2025","passed","Sun May 25 21:27:54 UTC 2025","","Edit Item","",""
"","0","I.C.U_2 Case Updates Import - Precheck Only","","Sun May 25 21:14:56 UTC 2025","skipped","Sun May 25 21:14:56 UTC 2025","","Import Case Updates","",""
"","670","8 Validation messages for invalid values","","Sun May 25 21:16:11 UTC 2025","failed","Sun May 25 21:16:12 UTC 2025","","Import Notes","",""
"","26721","4.2 verify Org Default Case Number Prefix, keep a default value as part of the Case Number","Add Case","Sun May 25 21:19:02 UTC 2025","passed","Sun May 25 21:19:29 UTC 2025","","4. --- with Default Case Number in Org ","",""
"","0","1.2. DR for single child location - No Discrepancies Found","Inventory Reports","Sun May 25 21:14:46 UTC 2025","skipped","Sun May 25 21:14:46 UTC 2025","","1. Parent/child locations with items but without containers","",""
"","16702","Add User ","","Sun May 25 21:47:55 UTC 2025","failed","Sun May 25 21:48:12 UTC 2025","","Add User","",""
"","557","3. Import Person with all fields - Precheck Only","","Sun May 25 21:16:22 UTC 2025","failed","Sun May 25 21:16:22 UTC 2025","","Import People","",""
"","0","1.7. Create and run DR for single child location - multiple Discrepancies Found","Inventory Reports","Sun May 25 21:14:46 UTC 2025","skipped","Sun May 25 21:14:46 UTC 2025","","1. Parent/child locations with items but without containers","",""
"","579","2 Import Notes for Item","","Sun May 25 21:16:08 UTC 2025","failed","Sun May 25 21:16:09 UTC 2025","","Import Notes","",""
"","0","4 Validation messages for wrongly formatted values","","Sun May 25 21:15:31 UTC 2025","skipped","Sun May 25 21:15:31 UTC 2025","","Import Legacy Chain of Custody","",""
"","22130","4.3 verify Org Default Case Number Prefix and Org Formatting pattern, before and after page reload","Add Case","Sun May 25 21:19:29 UTC 2025","passed","Sun May 25 21:19:51 UTC 2025","","4. --- with Default Case Number in Org ","",""
"","677","2 Import Media - Precheck Only","","Sun May 25 21:15:59 UTC 2025","failed","Sun May 25 21:16:00 UTC 2025","","Import Media","",""
"","12989","1.1.1 Add task with required fields only -- Unassigned-- keep template content-- search for task on the grid by Creator name-- verify values on grid","Add Task","Sun May 25 21:47:32 UTC 2025","failed","Sun May 25 21:47:45 UTC 2025","","1.1 Org Admin","",""
"","11230","1.2.1. Office Admin can create a new user account","Add User","Sun May 25 21:51:01 UTC 2025","failed","Sun May 25 21:51:13 UTC 2025","","1.2 Power User -- all permissions in Office","",""
"","16894","1. Edit and verify all values on Person View page","","Sun May 25 21:28:46 UTC 2025","failed","Sun May 25 21:29:03 UTC 2025","","Edit Person","",""
"","58619","1. Edit and verify all values on Case View page -- replace the current values in multiselect fields (Case Officers, Tags)","","Sun May 25 21:17:53 UTC 2025","passed","Sun May 25 21:18:52 UTC 2025","","Edit Case","",""
"","628","I.T_1.2 Import Legacy Tasks for Case - Precheck Only","","Sun May 25 21:15:40 UTC 2025","failed","Sun May 25 21:15:40 UTC 2025","","Import Tasks","",""
"","1","1.7 Power User can add case and view/enter/update Review Date/Notes when having AutoDispo permissions","Add Case","Sun May 25 21:15:51 UTC 2025","skipped","Sun May 25 21:15:51 UTC 2025","","1. --- No Case Number formatting in Org/Office, AutoDispo ON","",""
"","2","1.1 Org Admin-- All fields enabled -- redirect to View Added Case","Add Case","Sun May 25 21:15:51 UTC 2025","broken","Sun May 25 21:15:51 UTC 2025","","1. --- No Case Number formatting in Org/Office, AutoDispo ON","",""
"","41050","1.7. Add Item from Person View/ ""Items Belonging to"" tab -- redirect to Add Duplicate Item page and complete the action","Add Item","Sun May 25 21:29:42 UTC 2025","passed","Sun May 25 21:30:23 UTC 2025","","1. Org Admin","",""
"","235","1.1.1 equals {email of the user (current user) who created a case}","Cases Search","Sun May 25 21:15:12 UTC 2025","failed","Sun May 25 21:15:12 UTC 2025","1.1 Created By","1 Org Admin","",""
"","583","1. Import and verify People with all fields - 1 person linked to 1 case, other person linked to 2 cases","","Sun May 25 21:16:20 UTC 2025","failed","Sun May 25 21:16:21 UTC 2025","","Import People","",""
"","649","6 Validation messages for not mapped fields","","Sun May 25 21:16:10 UTC 2025","failed","Sun May 25 21:16:10 UTC 2025","","Import Notes","",""
"","2","1. Import Person with all updated fields","","Sun May 25 21:16:31 UTC 2025","broken","Sun May 25 21:16:31 UTC 2025","","Import People Updates","",""
"","48370","3.3 --- with required Currency Form attached - System Template","Add Item","Sun May 25 21:34:42 UTC 2025","passed","Sun May 25 21:35:31 UTC 2025","","3 Add Item with Custom Form","",""
"","0","5. Import update for item status (Undispose transaction)","","Sun May 25 21:15:13 UTC 2025","skipped","Sun May 25 21:15:13 UTC 2025","","Import Item Updates","",""
"","97402","2.1 Add User to a Group, then add to another Group --> Verify that previous User Group is not overwritten","","Sun May 25 21:32:36 UTC 2025","passed","Sun May 25 21:34:14 UTC 2025","","Edit User","",""
"","183","1.1.1 'equals' correct Person's name","Search Checkouts","Sun May 25 21:15:20 UTC 2025","failed","Sun May 25 21:15:20 UTC 2025","1.1 Checked Out To","1 Org Admin","",""
"","72761","1. Edit and verify all values on Item View page -- replace the current values in multiselect fields - Tags & Item Belongs To","","Sun May 25 21:23:38 UTC 2025","passed","Sun May 25 21:24:51 UTC 2025","","Edit Item","",""
"","0","1.4 Org Admin-- minimum case fields -- redirect to Add Person page","Add Case","Sun May 25 21:15:51 UTC 2025","skipped","Sun May 25 21:15:51 UTC 2025","","1. --- No Case Number formatting in Org/Office, AutoDispo ON","",""
"","658","I.U_1 Import User with all fields - Precheck Only","","Sun May 25 21:16:39 UTC 2025","failed","Sun May 25 21:16:40 UTC 2025","","Import Users","",""
"","1","1.1. DR for single parent location - No Discrepancies Found","Inventory Reports","Sun May 25 21:14:46 UTC 2025","broken","Sun May 25 21:14:46 UTC 2025","","1. Parent/child locations with items but without containers","",""
"","333697","Add Dispo Task with 11 1DA items and assign to Org Admin, --set different actions for item using all variations--using Actions menu and grid, --check statuses and notes upon submission","","Sun May 25 21:52:13 UTC 2025","failed","Sun May 25 21:57:47 UTC 2025","","Dispo Auth","",""
"","2","5 Five thousand notes for Case and verify notes count on search","","Sun May 25 21:16:10 UTC 2025","skipped","Sun May 25 21:16:10 UTC 2025","","Import Notes","",""
"","70352","3.5 --- Splitting item with Currency Form attached","Add Item","Sun May 25 21:36:39 UTC 2025","passed","Sun May 25 21:37:49 UTC 2025","","3 Add Item with Custom Form","",""
"","31275","4. Edit and verify reduced number of values on Item View page ","","Sun May 25 21:27:01 UTC 2025","passed","Sun May 25 21:27:32 UTC 2025","","Edit Item","",""
"","1","1 Import Legacy Chain of Custody - Checked In transaction","","Sun May 25 21:15:31 UTC 2025","broken","Sun May 25 21:15:31 UTC 2025","","Import Legacy Chain of Custody","",""
"","690","1 Import Notes for Case","","Sun May 25 21:16:08 UTC 2025","failed","Sun May 25 21:16:08 UTC 2025","","Import Notes","",""
"","55843","1.1 All fields enabled -- ""Item Belongs To Shows All People"" turned ON in Org Settings -- multiple people not linked to Primary Case are selected in ""Item Belongs to"" field ","Add Item","Sun May 25 21:27:00 UTC 2025","passed","Sun May 25 21:27:56 UTC 2025","","1. Org Admin","",""
"","36432","2. Edit and verify reduced number of values on Person View page - First & Last Name","","Sun May 25 21:29:03 UTC 2025","passed","Sun May 25 21:29:40 UTC 2025","","Edit Person","",""
"","46447","8.1 verify that required custom form is attached to the case with blank fields","Add Case","Sun May 25 21:23:08 UTC 2025","passed","Sun May 25 21:23:54 UTC 2025","","8. --- with required Custom Form but not filled out, all optional fields on Form","",""
"","17673","1.3. Business Name populated only -- redirect to Add Item page","Add Person","Sun May 25 21:43:30 UTC 2025","passed","Sun May 25 21:43:48 UTC 2025","","1. Org Admin","",""
"","2","I.C_1 Case with all fields -- user and user group in Case Officer(s) field","","Sun May 25 21:15:04 UTC 2025","broken","Sun May 25 21:15:04 UTC 2025","","Import Cases","",""
"","9446","2.1. verify that user can add all values","Add Person","Sun May 25 21:44:00 UTC 2025","failed","Sun May 25 21:44:10 UTC 2025","","2. Power User -- all permissions in Office","",""
"","0","2 Import Person with all updated fields - Precheck Only","","Sun May 25 21:16:31 UTC 2025","skipped","Sun May 25 21:16:31 UTC 2025","","Import People Updates","",""
"","0","1.5. Create and run DR for multiple parent and child locations  - starting with Child loc - switching back to parent location-  No Discrepancies Found","Inventory Reports","Sun May 25 21:14:46 UTC 2025","skipped","Sun May 25 21:14:46 UTC 2025","","1. Parent/child locations with items but without containers","",""
"","588","1 Import Media","","Sun May 25 21:15:59 UTC 2025","failed","Sun May 25 21:15:59 UTC 2025","","Import Media","",""
"","29174","4.1 verify Org Default Case Number Prefix, clear a default value and save the other one","Add Case","Sun May 25 21:18:32 UTC 2025","passed","Sun May 25 21:19:02 UTC 2025","","4. --- with Default Case Number in Org ","",""
"","36293","1.1. All fields enabled -- redirect to View Added Person","Add Person","Sun May 25 21:42:34 UTC 2025","passed","Sun May 25 21:43:10 UTC 2025","","1. Org Admin","",""
"","662","2.1 Cancelling warning keeps user logged in on other machine","Login page","Sun May 25 21:15:51 UTC 2025","failed","Sun May 25 21:15:52 UTC 2025","","2. Warning that user is logged in on other browser or device","",""
"","32387","6.1 verify Auto Assigned Case Number with Default Case Number Prefix","Add Case","Sun May 25 21:20:40 UTC 2025","passed","Sun May 25 21:21:12 UTC 2025","","6. --- with Auto Assigned Case Number ","",""
"","0","6 Validation messages for blank values","","Sun May 25 21:15:31 UTC 2025","skipped","Sun May 25 21:15:31 UTC 2025","","Import Legacy Chain of Custody","",""
"","0","1.2 Org Admin-- minimum case fields -- redirect to Add Case page again","Add Case","Sun May 25 21:15:51 UTC 2025","skipped","Sun May 25 21:15:51 UTC 2025","","1. --- No Case Number formatting in Org/Office, AutoDispo ON","",""
"","43584","3. Edit and verify reduced number of values on Case View page -- enter User Group instead of User as Case Officer","","Sun May 25 21:19:51 UTC 2025","passed","Sun May 25 21:20:34 UTC 2025","","Edit Case","",""
"","0","1.3 Org Admin-- minimum case fields -- redirect to Add Item page","Add Case","Sun May 25 21:15:51 UTC 2025","skipped","Sun May 25 21:15:51 UTC 2025","","1. --- No Case Number formatting in Org/Office, AutoDispo ON","",""
"","0","2 Import Legacy Chain of Custody - Precheck Only","","Sun May 25 21:15:31 UTC 2025","skipped","Sun May 25 21:15:31 UTC 2025","","Import Legacy Chain of Custody","",""
"","2","1 Import Locations with all fields","","Sun May 25 21:15:50 UTC 2025","broken","Sun May 25 21:15:50 UTC 2025","","Import Locations","",""
"","17740","1.2. Optional fields disabled -- redirect to View Added Item -- Item Belongs To Shows All People"" turned OFF in Org Settings -- multiple values selected for ""Item Belongs to"" and Tags","Add Item","Sun May 25 21:27:56 UTC 2025","failed","Sun May 25 21:28:14 UTC 2025","","1. Org Admin","",""
"","0","1.5 Org Admin-- minimum case fields -- redirect to Media tab on Case View page","Add Case","Sun May 25 21:15:51 UTC 2025","skipped","Sun May 25 21:15:51 UTC 2025","","1. --- No Case Number formatting in Org/Office, AutoDispo ON","",""
"","102005","7.1 verify all values are properly saved to the custom form -single user in custom User/User Group field","Add Case","Sun May 25 21:21:18 UTC 2025","passed","Sun May 25 21:23:00 UTC 2025","","7. --- with required Custom Form filled out, all required fields on Form","",""
"","192","2. Verify Transfer transaction and enabled/disabled actions for Checked Out item","","Sun May 25 21:35:09 UTC 2025","failed","Sun May 25 21:35:09 UTC 2025","","Item Transactions & Actions","",""
"","0","I.C_2 Case with minimum number of fields","","Sun May 25 21:15:04 UTC 2025","skipped","Sun May 25 21:15:04 UTC 2025","","Import Cases","",""
"","1","3 Validation messages for not mapped fields","","Sun May 25 21:15:31 UTC 2025","skipped","Sun May 25 21:15:31 UTC 2025","","Import Legacy Chain of Custody","",""
"","75855","3.1. --- with required Custom Form filled out, all required fields on Form","Add Person","Sun May 25 21:44:10 UTC 2025","failed","Sun May 25 21:45:26 UTC 2025","","3. Add Person with Custom Form","",""
"","36865","1.6. Add Item from Person View/ Items Recovered By -- redirect to Item View/ Notes tab","Add Item","Sun May 25 21:29:04 UTC 2025","passed","Sun May 25 21:29:41 UTC 2025","","1. Org Admin","",""
"","0","6. Import update for item status (CheckIn transaction)","","Sun May 25 21:15:13 UTC 2025","skipped","Sun May 25 21:15:13 UTC 2025","","Import Item Updates","",""
"","5247","1.4. Add item from Item Search -- redirect to Case View /Items tab","Add Item","Sun May 25 21:28:20 UTC 2025","failed","Sun May 25 21:28:25 UTC 2025","","1. Org Admin","",""
"","630","3 Import Notes for Case - Precheck Only","","Sun May 25 21:16:09 UTC 2025","failed","Sun May 25 21:16:10 UTC 2025","","Import Notes","",""
"","17671","4. Add a Person with disabled fields & check if those are shown up on Person Edit page after enabling all of the rest of the fields and editing Business Name / First Name / Last Name","","Sun May 25 21:30:12 UTC 2025","passed","Sun May 25 21:30:29 UTC 2025","","Edit Person","",""
"","12596","1.4. redirect to Case View page","Add Person","Sun May 25 21:43:48 UTC 2025","passed","Sun May 25 21:44:00 UTC 2025","","1. Org Admin","",""
"","684","I.T_1.1 Import Legacy Tasks for Case","","Sun May 25 21:15:39 UTC 2025","failed","Sun May 25 21:15:39 UTC 2025","","Import Tasks","",""
"","74681","9.1 verify multiple Users and Groups can be saved in Case Officers field and Custom User/User Group","Add Case","Sun May 25 21:24:02 UTC 2025","passed","Sun May 25 21:25:17 UTC 2025","","9. --- with multiple users/groups in Case Officers field","",""
"","611","2.2 Confirmation on warning modal completes login and logs out user on other machine","Login page","Sun May 25 21:15:52 UTC 2025","failed","Sun May 25 21:15:53 UTC 2025","","2. Warning that user is logged in on other browser or device","",""
"","20942","A.M_2. Add Media to Item","","Sun May 25 21:40:00 UTC 2025","passed","Sun May 25 21:40:21 UTC 2025","","Add Media","",""
"","745","7 Validation messages for wrongly formatted values","","Sun May 25 21:16:10 UTC 2025","failed","Sun May 25 21:16:11 UTC 2025","","Import Notes","",""
"","5579","1.3. Add Item from Case View /Items tab -- redirect to Add Item page again","Add Item","Sun May 25 21:28:14 UTC 2025","failed","Sun May 25 21:28:20 UTC 2025","","1. Org Admin","",""
"","0","7. Item Updates Import - Precheck Only","","Sun May 25 21:15:13 UTC 2025","skipped","Sun May 25 21:15:13 UTC 2025","","Import Item Updates","",""
"","80476","2. Edit and verify all values on Item View page -- keep the previous values in multiselect fields  - Tags & Item Belongs To; 2.1. hitting *enter* button does not wipe out Additional Barcode","","Sun May 25 21:24:53 UTC 2025","passed","Sun May 25 21:26:13 UTC 2025","","Edit Item","",""
"","17542","A.M_3. Add Media to Person","","Sun May 25 21:40:21 UTC 2025","passed","Sun May 25 21:40:39 UTC 2025","","Add Media","",""
"","639","I.U_1 Import and verify User with all fields","","Sun May 25 21:16:39 UTC 2025","failed","Sun May 25 21:16:39 UTC 2025","","Import Users","",""
"","19678","1.2. Optional fields disabled -- First & Last Name populated -- redirect to Add Person page again","Add Person","Sun May 25 21:43:10 UTC 2025","passed","Sun May 25 21:43:30 UTC 2025","","1. Org Admin","",""
"","0","1.3. DR for multiple parent and child locations - starting with Parent loc - No Discrepancies Found","Inventory Reports","Sun May 25 21:14:46 UTC 2025","skipped","Sun May 25 21:14:46 UTC 2025","","1. Parent/child locations with items but without containers","",""
"","623","1. Verify list of already existing services are in place and all listed services have a green status","","Sun May 25 21:16:09 UTC 2025","failed","Sun May 25 21:16:10 UTC 2025","","System Services Page: verify the existing Services are in place, if a new Service gets added =>check the status for all of those","",""
"","142","2.2. Scanning some barcodes multiple times and checking all types of discrepancies in one Report: ""Barcode valid but not found in the system""""Items Not Scanned"", ""Wrong Storage Location"",""Container Not Scanned"",""Containers in Wrong Location""","Inventory Reports","Sun May 25 21:14:47 UTC 2025","failed","Sun May 25 21:14:48 UTC 2025","","2. Parent/child locations with items and containers","",""
"","732","1.1 all fields turned on and edited, ""overwrite existing values"" turned OFF","Mass Update Cases","Sun May 25 21:15:02 UTC 2025","failed","Sun May 25 21:15:03 UTC 2025","","1. all fields enabled in Org Settings","",""
"","215","S.I_1. Search by Item Description","","Sun May 25 21:15:31 UTC 2025","failed","Sun May 25 21:15:31 UTC 2025","","Search Item","",""
"","0","I.C_5 Case Import - Precheck Only","","Sun May 25 21:15:04 UTC 2025","skipped","Sun May 25 21:15:04 UTC 2025","","Import Cases","",""
"","38462","5.1 verify Office Default Case Number Prefix","Add Case","Sun May 25 21:19:56 UTC 2025","failed","Sun May 25 21:20:35 UTC 2025","","5. --- with Default Case Number in Office ","",""
"","0","I.C_3 Case with custom fields","","Sun May 25 21:15:04 UTC 2025","skipped","Sun May 25 21:15:04 UTC 2025","","Import Cases","",""
"","0","1.6. Create and run DR for single parent location - multiple Discrepancies Found","Inventory Reports","Sun May 25 21:14:46 UTC 2025","skipped","Sun May 25 21:14:46 UTC 2025","","1. Parent/child locations with items but without containers","",""
"","46072","1.8. Add Item from Person View/ Items Custodian tab -- redirect to Split Item page and complete the action","Add Item","Sun May 25 21:30:23 UTC 2025","passed","Sun May 25 21:31:09 UTC 2025","","1. Org Admin","",""
"","30944","3. Edit and verify reduced number of values on Person View page - Business Name","","Sun May 25 21:29:40 UTC 2025","passed","Sun May 25 21:30:11 UTC 2025","","Edit Person","",""
"","0","I.C_4 Five thousand cases and verify cases count on search by ","","Sun May 25 21:15:04 UTC 2025","skipped","Sun May 25 21:15:04 UTC 2025","","Import Cases","",""
"","614","3 Import Locations - Precheck Only","","Sun May 25 21:15:50 UTC 2025","failed","Sun May 25 21:15:51 UTC 2025","","Import Locations","",""
"","0","1.6 Org Admin-- minimum case fields -- redirect to Notes tab on Case View page","Add Case","Sun May 25 21:15:51 UTC 2025","skipped","Sun May 25 21:15:51 UTC 2025","","1. --- No Case Number formatting in Org/Office, AutoDispo ON","",""
"","9150","1.3.2 --- with required Custom Form but not filled out, all optional fields on Form","Add User","Sun May 25 21:51:22 UTC 2025","failed","Sun May 25 21:51:31 UTC 2025","","1.3 --- with Custom Forms","",""
"","5604","1.1.3 validation message for missing permissions","Add User","Sun May 25 21:50:21 UTC 2025","failed","Sun May 25 21:50:27 UTC 2025","","1.1 Org Admin","",""
"","34546","1.1.4 validation message for inactive user account","Add User","Sun May 25 21:50:27 UTC 2025","passed","Sun May 25 21:51:01 UTC 2025","","1.1 Org Admin","",""
"","0","3. Import update for item status (Move transaction)","","Sun May 25 21:15:13 UTC 2025","skipped","Sun May 25 21:15:13 UTC 2025","","Import Item Updates","",""
"","693","1.1 Email & Task - when Case created - all records - 1 user as email recipient","Workflows","Sun May 25 21:16:19 UTC 2025","failed","Sun May 25 21:16:20 UTC 2025","","1. Case Workflows - all case fields enabled in Org Settings","",""
"","2","I.N_5 Five thousand tasks and verify count on search","","Sun May 25 21:15:40 UTC 2025","skipped","Sun May 25 21:15:40 UTC 2025","","Import Tasks","",""
"","54826","2. Edit and verify all values on Case View page -- keep the previous values and add new ones in multiselect fields (Case Officers, Tags)","","Sun May 25 21:18:54 UTC 2025","passed","Sun May 25 21:19:48 UTC 2025","","Edit Case","",""
"","64706","1.1.1. add user with all fields -- log in with newly created account","Add User","Sun May 25 21:48:40 UTC 2025","passed","Sun May 25 21:49:44 UTC 2025","","1.1 Org Admin","",""
"","43892","A.M_1. Add Media to Case","","Sun May 25 21:39:16 UTC 2025","passed","Sun May 25 21:40:00 UTC 2025","","Add Media","",""
"","45815","3. Remove all optional values & check history records","","Sun May 25 21:26:13 UTC 2025","passed","Sun May 25 21:26:59 UTC 2025","","Edit Item","",""
"","1","1. Import updates for all item fields","","Sun May 25 21:15:13 UTC 2025","broken","Sun May 25 21:15:13 UTC 2025","","Import Item Updates","",""
"","38729","7. Remove all optional values & check history records","","Sun May 25 21:21:41 UTC 2025","passed","Sun May 25 21:22:20 UTC 2025","","Edit Case","",""
"","119","3. Scanning 1000 items during Inventory report","Inventory Reports","Sun May 25 21:14:48 UTC 2025","failed","Sun May 25 21:14:48 UTC 2025","","2. Scanning 1000 items","",""
"","22606","2.1 verify Org Case Number Format and check that Case Review Date/Notes is NOT displayed for Org Admin","Add Case","Sun May 25 21:15:57 UTC 2025","passed","Sun May 25 21:16:19 UTC 2025","","2. --- with Case Number formatting in Org, AutoDispo OFF ","",""
"","61977","A.N_1. Add Note to Case","","Sun May 25 21:41:16 UTC 2025","failed","Sun May 25 21:42:18 UTC 2025","","Add Notes","",""
"","19402","8. Add a Case with disabled fields & check if required fields are displayed properly on Case Edit page after enabling","","Sun May 25 21:22:21 UTC 2025","passed","Sun May 25 21:22:40 UTC 2025","","Edit Case","",""
"","9050","1.3.1 --- with required Custom Form filled out, all required fields on Form","Add User","Sun May 25 21:51:13 UTC 2025","failed","Sun May 25 21:51:22 UTC 2025","","1.3 --- with Custom Forms","",""
"","88366","3.1 --- with required Custom Form filled out, all required fields on Form","Add Item","Sun May 25 21:31:22 UTC 2025","failed","Sun May 25 21:32:50 UTC 2025","","3 Add Item with Custom Form","",""
"","111903","3.2 --- with required Custom Form but not filled out, all optional fields on Form","Add Item","Sun May 25 21:32:50 UTC 2025","failed","Sun May 25 21:34:42 UTC 2025","","3 Add Item with Custom Form","",""
"","79494","2.2 verify Org Case Number Format with custom validation message","Add Case","Sun May 25 21:16:19 UTC 2025","failed","Sun May 25 21:17:39 UTC 2025","","2. --- with Case Number formatting in Org, AutoDispo OFF ","",""
"","4077","1.9. Only active people should show up in ""Recovered By"" field when searching by first/middle/last name or email","Add Item","Sun May 25 21:31:09 UTC 2025","failed","Sun May 25 21:31:13 UTC 2025","","1. Org Admin","",""
"","1096","1.8. Create and run DR for multiple storage locations - multiple Discrepancies Found","Inventory Reports","Sun May 25 21:14:46 UTC 2025","failed","Sun May 25 21:14:47 UTC 2025","","1. Parent/child locations with items but without containers","",""
"","1","2. Import update for item status (Check Out transaction)","","Sun May 25 21:15:13 UTC 2025","skipped","Sun May 25 21:15:13 UTC 2025","","Import Item Updates","",""
"","128","2.1. Create and run DR for 2 storage locations that have: container with item, empty container, sub-location, empty sub-container and sub-container with item - No Discrepancies Found","Inventory Reports","Sun May 25 21:14:47 UTC 2025","failed","Sun May 25 21:14:47 UTC 2025","","2. Parent/child locations with items and containers","",""
"","31437","3.1 verify Office Case Number Format with default validation message","Add Case","Sun May 25 21:17:44 UTC 2025","failed","Sun May 25 21:18:16 UTC 2025","","3. --- with Case Number formatting in Office ","",""
"","0","4. Import update for item status (Disposal transaction)","","Sun May 25 21:15:13 UTC 2025","skipped","Sun May 25 21:15:13 UTC 2025","","Import Item Updates","",""
"","20812","6. Auto-Assigned Case Number -- Case Number can be edited when Auto-assigning of Case Numbers is enabled for new cases","","Sun May 25 21:21:20 UTC 2025","passed","Sun May 25 21:21:41 UTC 2025","","Edit Case","",""
"","15630","A.M_4. Add Media to Task","","Sun May 25 21:40:39 UTC 2025","passed","Sun May 25 21:40:54 UTC 2025","","Add Media","",""
"","82350","3.1 Verify ""Re-Distribute"" for ""Past Due"" cases","Auto-Disposition","Sun May 25 21:15:52 UTC 2025","failed","Sun May 25 21:17:14 UTC 2025","","3. Verify ""Re-Distribute Case Review Dates"" functionality","",""
"","8169","2.1 verify that user can add all values but can select only Storage Location(s) that s/he has access to","Add Item","Sun May 25 21:31:13 UTC 2025","failed","Sun May 25 21:31:22 UTC 2025","","2 Power User -- all permissions in Office, with and without access to Storage Location","",""
"","39388","1.5. Add item from Scan page -- redirect to Item View/Media tab","Add Item","Sun May 25 21:28:25 UTC 2025","passed","Sun May 25 21:29:04 UTC 2025","","1. Org Admin","",""
"","0","2 Import Locations with required fields - verify default properties","","Sun May 25 21:15:50 UTC 2025","skipped","Sun May 25 21:15:50 UTC 2025","","Import Locations","",""
"","2","I.C.U_1. Import Case Updates - all fields -- user and user group in Case Officer(s) field","","Sun May 25 21:14:56 UTC 2025","broken","Sun May 25 21:14:56 UTC 2025","","Import Case Updates","",""
"","676","2. Import and verify Person with minimum fields","","Sun May 25 21:16:21 UTC 2025","failed","Sun May 25 21:16:22 UTC 2025","","Import People","",""
"","23220","4.  Case Number Formatting at Org level -- old case that was saved without formatting can be edited without changing Case Number or changing it with proper format","","Sun May 25 21:20:35 UTC 2025","passed","Sun May 25 21:20:58 UTC 2025","","Edit Case","",""
"","3","5 Five thousand notes for Item and verify notes count on search","","Sun May 25 21:16:10 UTC 2025","skipped","Sun May 25 21:16:10 UTC 2025","","Import Notes","",""
"","36368","1.1.2. add user with required fields only","Add User","Sun May 25 21:49:44 UTC 2025","passed","Sun May 25 21:50:21 UTC 2025","","1.1 Org Admin","",""
